<?xml version="1.0" encoding="ISO-8859-1" standalone="yes"?>
<jamoma version="0.6" xmlns:xsi="'http://www.w3.org/2001/XMLSchema-instance'" xsi:schemaLocation="'http://jamoma.org/ file:jamoma.xsd'">
 <application name="VDMX" author="" version="">
  <!--none-->
  <layer.1/alpha object="Data" dataspace="none" rampFunction="none" rampDrive="scheduler" service="parameter" rangeClipmode="none" rangeBounds="0.000000 1.000000" dataspaceUnit="none" repetitionsAllow="1" type="decimal" priority="0" tag="none" valueStepsize="0.100000" enable="1"/>
  <layer.2/alpha object="Data" dataspace="none" rampFunction="none" rampDrive="scheduler" service="parameter" rangeClipmode="none" rangeBounds="0.000000 1.000000" dataspaceUnit="none" repetitionsAllow="1" type="decimal" priority="0" tag="none" valueStepsize="0.100000" enable="1"/>
  <layer.3/alpha object="Data" dataspace="none" rampFunction="none" rampDrive="scheduler" service="parameter" rangeClipmode="none" rangeBounds="0.000000 1.000000" dataspaceUnit="none" repetitionsAllow="1" type="decimal" priority="0" tag="none" valueStepsize="0.100000" enable="1"/>
  <layer.4/alpha object="Data" dataspace="none" rampFunction="none" rampDrive="scheduler" service="parameter" rangeClipmode="none" rangeBounds="0.000000 1.000000" dataspaceUnit="none" repetitionsAllow="1" type="decimal" priority="0" tag="none" valueStepsize="0.100000" enable="1"/>
  <layer.5/alpha object="Data" dataspace="none" rampFunction="none" rampDrive="scheduler" service="parameter" rangeClipmode="none" rangeBounds="0.000000 1.000000" dataspaceUnit="none" repetitionsAllow="1" type="decimal" priority="0" tag="none" valueStepsize="0.100000" enable="1"/>
  <layer.6/alpha object="Data" dataspace="none" rampFunction="none" rampDrive="scheduler" service="parameter" rangeClipmode="none" rangeBounds="0.000000 1.000000" dataspaceUnit="none" repetitionsAllow="1" type="decimal" priority="0" tag="none" valueStepsize="0.100000" enable="1"/>
  <layer.7/alpha object="Data" dataspace="none" rampFunction="none" rampDrive="scheduler" service="parameter" rangeClipmode="none" rangeBounds="0.000000 1.000000" dataspaceUnit="none" repetitionsAllow="1" type="decimal" priority="0" tag="none" valueStepsize="0.100000" enable="1"/>
  <layer.8/alpha object="Data" dataspace="none" rampFunction="none" rampDrive="scheduler" service="parameter" rangeClipmode="none" rangeBounds="0.000000 1.000000" dataspaceUnit="none" repetitionsAllow="1" type="decimal" priority="0" tag="none" valueStepsize="0.100000" enable="1"/>
 </application>
</jamoma>
